City_ID,City,Country,Date,Lat,Lng,Max Temp,Humidity,Cloudiness,Wind Speed
0,Mataura,NZ,2022-10-18 19:14:29,-46.1927,168.8643,38.34,93,71,2.01
1,Hilo,US,2022-10-18 19:14:30,19.7297,-155.09,88.29,68,0,4.0
2,Marawi,PH,2022-10-18 19:14:30,7.9986,124.2928,69.89,94,100,1.12
3,Vostok,RU,2022-10-18 19:09:51,46.4856,135.8833,26.67,75,3,5.57
4,Hobart,AU,2022-10-18 19:12:13,-42.8794,147.3294,53.06,72,100,5.75
5,Port Hawkesbury,CA,2022-10-18 19:14:31,45.6169,-61.3485,66.96,94,100,8.05
6,Rocha,UY,2022-10-18 19:14:31,-34.4833,-54.3333,63.75,76,100,14.94
7,Khromtau,KZ,2022-10-18 19:14:31,50.2503,58.4347,38.07,70,100,10.25
8,Pevek,RU,2022-10-18 19:14:32,69.7008,170.3133,2.44,95,100,4.81
9,Inhambane,MZ,2022-10-18 19:14:32,-23.865,35.3833,73.38,83,20,4.61
10,New Norfolk,AU,2022-10-18 19:14:33,-42.7826,147.0587,52.72,62,100,2.62
11,Rikitea,PF,2022-10-18 19:14:33,-23.1203,-134.9692,68.41,65,0,21.25
12,Vaini,TO,2022-10-18 19:14:33,-21.2,-175.2,77.16,94,75,6.91
13,Esperance,AU,2022-10-18 19:14:34,-33.8667,121.9,50.38,89,0,10.2
14,Albany,US,2022-10-18 19:14:33,42.6001,-73.9662,57.94,59,44,1.01
15,Boddam,GB,2022-10-18 19:14:34,57.4667,-1.7833,46.44,81,100,9.01
16,Micheweni,TZ,2022-10-18 19:14:35,-4.9667,39.8333,76.08,80,2,10.6
17,Meulaboh,ID,2022-10-18 19:14:35,4.1363,96.1285,75.74,88,100,3.29
18,Ponta Delgada,PT,2022-10-18 19:14:35,37.7333,-25.6667,63.32,67,40,21.85
19,Barrow,US,2022-10-18 19:14:36,71.2906,-156.7887,24.82,86,100,10.36
20,Cherskiy,RU,2022-10-18 19:14:36,68.75,161.3,-1.05,95,100,6.35
21,Tabou,CI,2022-10-18 19:14:36,4.423,-7.3528,77.63,86,33,5.88
22,Torbay,CA,2022-10-18 19:14:37,47.6666,-52.7314,55.76,96,100,10.36
23,Puerto Ayora,EC,2022-10-18 19:14:37,-0.7393,-90.3518,73.36,79,34,5.99
24,Bara,NG,2022-10-18 19:14:37,10.3744,10.7288,80.82,36,26,1.63
25,Kieta,PG,2022-10-18 19:14:38,-6.2167,155.6333,77.77,80,100,0.18
26,Punta Arenas,CL,2022-10-18 19:13:50,-53.15,-70.9167,55.51,50,40,28.77
27,Caravelas,BR,2022-10-18 19:14:38,-17.7125,-39.2481,79.75,62,19,9.55
28,Ucluelet,CA,2022-10-18 19:14:38,48.9329,-125.5528,62.1,81,57,4.29
29,Atuona,PF,2022-10-18 19:14:39,-9.8,-139.0333,76.62,69,6,15.73
30,Roma,US,2022-10-18 19:13:12,43.2128,-75.4557,52.95,60,100,1.01
31,Chemal,RU,2022-10-18 19:14:39,51.4111,86.005,37.87,97,100,1.14
32,Salalah,OM,2022-10-18 19:14:39,17.0151,54.0924,77.09,65,0,4.61
33,Ak-Dovurak,RU,2022-10-18 19:14:40,51.1833,90.6,36.03,83,100,1.95
34,Carnarvon,AU,2022-10-18 19:11:07,-24.8667,113.6333,66.6,80,0,13.27
35,Clyde River,CA,2022-10-18 19:09:56,70.4692,-68.5914,17.91,89,99,9.13
36,Castro,BR,2022-10-18 19:14:40,-24.7911,-50.0119,62.6,91,100,4.81
37,Severo-Kurilsk,RU,2022-10-18 19:14:41,50.6789,156.125,40.37,66,50,32.23
38,Chaozhou,CN,2022-10-18 19:14:41,23.6651,116.6379,64.26,63,100,4.07
39,Georgetown,MY,2022-10-18 19:09:50,5.4112,100.3354,81.23,89,20,0.0
40,Qaanaaq,GL,2022-10-18 19:14:42,77.484,-69.3632,7.3,86,96,4.29
41,Tuatapere,NZ,2022-10-18 19:14:42,-46.1333,167.6833,42.64,88,86,4.92
42,Moree,AU,2022-10-18 19:14:43,-29.4667,149.85,62.62,88,75,17.27
43,Ilulissat,GL,2022-10-18 19:14:43,69.2167,-51.1,35.62,93,100,6.91
44,Thompson,CA,2022-10-18 19:11:08,55.7435,-97.8558,43.32,50,47,13.78
45,Vanimo,PG,2022-10-18 19:14:43,-2.6741,141.3028,77.76,89,100,5.59
46,Vardo,NO,2022-10-18 19:14:44,70.3705,31.1107,40.98,75,75,17.27
47,Codrington,AU,2022-10-18 19:14:44,-38.2667,141.9667,49.42,88,0,5.41
48,Puerto Escondido,MX,2022-10-18 19:15:45,15.85,-97.0667,82.04,84,100,14.54
49,Tuy Hoa,VN,2022-10-18 19:15:45,13.0833,109.3,72.97,90,100,3.91
50,Cabo San Lucas,MX,2022-10-18 19:13:50,22.8909,-109.9124,87.19,61,20,14.97
51,Ushuaia,AR,2022-10-18 19:15:45,-54.8,-68.3,47.86,71,75,26.46
52,Pathein,MM,2022-10-18 19:15:46,16.7833,94.7333,74.21,86,3,2.17
53,Kodiak,US,2022-10-18 19:13:11,57.79,-152.4072,49.51,81,100,9.22
54,Camargo,MX,2022-10-18 19:15:46,27.6667,-105.1667,62.53,69,100,7.76
55,Mandan,US,2022-10-18 19:11:35,46.8267,-100.8896,48.36,42,0,10.36
56,Ratangarh,IN,2022-10-18 19:15:46,28.0833,74.6,79.11,22,0,8.7
57,Vila Velha,BR,2022-10-18 19:12:06,-20.3297,-40.2925,78.75,79,40,14.97
58,Lompoc,US,2022-10-18 19:15:47,34.6391,-120.4579,92.01,63,0,12.66
59,Bambous Virieux,MU,2022-10-18 19:15:47,-20.3428,57.7575,70.05,73,40,9.22
60,Tuktoyaktuk,CA,2022-10-18 19:15:48,69.4541,-133.0374,28.4,93,100,11.5
61,Butaritari,KI,2022-10-18 19:15:48,3.0707,172.7902,81.61,73,86,16.87
62,Busselton,AU,2022-10-18 19:15:48,-33.65,115.3333,52.5,92,8,8.28
63,Gazanjyk,TM,2022-10-18 19:15:48,39.2446,55.5154,55.04,65,100,10.02
64,Tiksi,RU,2022-10-18 19:15:49,71.6872,128.8694,7.88,93,99,7.31
65,Kruisfontein,ZA,2022-10-18 19:15:49,-34.0033,24.7314,67.89,94,36,5.5
66,Ayan,RU,2022-10-18 19:15:49,56.45,138.1667,28.65,53,9,21.74
67,Tomatlan,MX,2022-10-18 19:15:50,19.9333,-105.25,88.14,61,19,5.53
68,Narsaq,GL,2022-10-18 19:15:50,60.9167,-46.05,35.82,78,100,8.95
69,Sulecin,PL,2022-10-18 19:15:50,52.4443,15.1168,53.89,97,21,7.4
70,Kenai,US,2022-10-18 19:15:51,60.5544,-151.2583,44.15,89,40,16.11
71,Kattivakkam,IN,2022-10-18 19:15:51,13.2167,80.3167,84.29,78,77,3.15
72,Saint-Philippe,RE,2022-10-18 19:15:51,-21.3585,55.7679,67.59,78,44,9.1
73,Ponta Do Sol,PT,2022-10-18 19:15:52,32.6667,-17.1,74.03,75,92,7.36
74,Kushmurun,KZ,2022-10-18 19:15:52,52.4503,64.6311,42.17,59,100,10.69
75,Klyuchi,RU,2022-10-18 19:15:52,52.2667,79.1667,39.97,80,97,7.02
76,Sao Gabriel Da Cachoeira,BR,2022-10-18 19:15:53,-0.1303,-67.0892,91.2,55,20,6.91
77,Sao Joao Da Barra,BR,2022-10-18 19:15:53,-21.6403,-41.0511,82.49,80,14,15.99
78,Avarua,CK,2022-10-18 19:15:53,-21.2078,-159.775,75.25,69,40,14.97
79,Dikson,RU,2022-10-18 19:15:54,73.5069,80.5464,29.28,79,100,12.68
80,Lorengau,PG,2022-10-18 19:15:55,-2.0226,147.2712,82.99,70,100,12.91
81,Mount Isa,AU,2022-10-18 19:15:55,-20.7333,139.5,71.37,100,40,4.61
82,Coquimbo,CL,2022-10-18 19:15:56,-29.9533,-71.3436,62.33,63,0,12.66
83,Port Elizabeth,ZA,2022-10-18 19:15:56,-33.918,25.5701,70.11,88,75,8.05
84,Cayenne,GF,2022-10-18 19:15:57,4.9333,-52.3333,86.04,70,40,8.05
85,Carutapera,BR,2022-10-18 19:15:57,-1.195,-46.02,84.92,62,67,11.56
86,Russell,US,2022-10-18 19:15:58,32.3502,-85.1999,56.8,23,69,12.3
87,Kupino,RU,2022-10-18 19:15:58,54.3663,77.2981,40.48,85,96,7.31
88,Port Alfred,ZA,2022-10-18 19:16:00,-33.5906,26.891,68.18,92,49,3.0
89,Hermanus,ZA,2022-10-18 19:16:00,-34.4187,19.2345,63.81,85,63,10.56
90,Tasiilaq,GL,2022-10-18 19:16:00,65.6145,-37.6368,37.56,82,100,2.71
91,Iquique,CL,2022-10-18 19:16:01,-20.2208,-70.1431,62.64,68,18,7.99
92,Ha Giang,VN,2022-10-18 19:14:59,22.8333,104.9833,60.76,61,97,4.81
93,Fort Nelson,CA,2022-10-18 19:15:13,58.8053,-122.7002,40.59,75,75,3.44
94,Lebu,CL,2022-10-18 19:16:01,-37.6167,-73.65,57.15,73,42,7.07
95,Shache,CN,2022-10-18 19:16:02,38.4167,77.2406,53.71,17,50,4.99
96,Krasnaya Gora,RU,2022-10-18 19:17:02,52.9995,31.6023,56.03,82,100,7.2
97,Pecos,US,2022-10-18 19:12:04,31.4229,-103.4932,59.83,54,100,6.91
98,Dukat,RU,2022-10-18 19:17:03,62.55,155.55,0.23,98,100,8.9
99,Grindavik,IS,2022-10-18 19:17:03,63.8424,-22.4338,44.55,81,100,11.5
100,Cape Town,ZA,2022-10-18 19:15:00,-33.9258,18.4232,65.12,88,75,13.8
101,Arkhangelsk,RU,2022-10-18 19:17:04,64.5401,40.5433,39.31,86,75,8.95
102,Jamestown,US,2022-10-18 19:16:14,42.097,-79.2353,42.39,91,100,16.11
103,Khatanga,RU,2022-10-18 19:17:04,71.9667,102.5,28.99,96,100,23.31
104,Neuquen,AR,2022-10-18 19:17:05,-38.9516,-68.0591,72.57,35,100,17.0
105,Ribeira Grande,PT,2022-10-18 19:17:05,38.5167,-28.7,61.2,67,40,14.97
106,Mandapam,IN,2022-10-18 19:17:06,9.2833,79.1167,83.17,70,100,11.1
107,Leh,IN,2022-10-18 19:17:07,34.1667,77.5833,32.72,62,84,2.08
108,Slave Lake,CA,2022-10-18 19:15:45,55.2834,-114.769,55.38,71,0,4.61
109,Hanna,CA,2022-10-18 19:17:07,51.6334,-111.9018,66.85,27,54,3.0
110,Alofi,NU,2022-10-18 19:15:18,-19.0595,-169.9187,76.89,78,100,9.22
111,Saint-Francois,FR,2022-10-18 19:17:08,46.4154,3.9054,63.84,72,0,5.75
112,Harqalah,TN,2022-10-18 19:17:08,36.0303,10.509,73.26,68,20,6.91
113,Halifax,CA,2022-10-18 19:13:52,44.6453,-63.5724,66.69,88,75,14.97
114,Pong,TH,2022-10-18 19:17:09,19.1493,100.2752,66.13,88,4,1.01
115,Bandarbeyla,SO,2022-10-18 19:17:09,9.4942,50.8122,78.46,80,35,9.15
116,Hobyo,SO,2022-10-18 19:17:10,5.3505,48.5268,78.37,81,100,16.24
117,Shieli,KZ,2022-10-18 19:17:10,44.1667,66.75,48.0,45,100,8.43
118,Kapaa,US,2022-10-18 19:17:10,22.0752,-159.319,82.38,78,0,4.61
119,Airai,TL,2022-10-18 19:17:11,-8.9266,125.4092,61.72,91,100,1.45
120,Klaksvik,FO,2022-10-18 19:17:11,62.2266,-6.589,41.92,66,98,7.87
121,Stanislav,UA,2022-10-18 19:17:11,46.5691,32.1478,55.42,55,8,4.7
122,Feltre,IT,2022-10-18 19:17:12,46.0235,11.907,66.15,90,0,3.89
123,Hamilton,US,2022-10-18 19:14:43,39.1834,-84.5333,45.59,64,100,18.41
124,Mehamn,NO,2022-10-18 19:15:29,71.0357,27.8492,39.11,87,75,16.11
125,May Pen,JM,2022-10-18 19:17:12,17.9645,-77.2451,87.01,57,100,8.08
126,Bredasdorp,ZA,2022-10-18 19:17:13,-34.5322,20.0403,60.84,96,89,5.79
127,Coihaique,CL,2022-10-18 19:17:13,-45.5752,-72.0662,69.75,16,0,8.05
128,Flin Flon,CA,2022-10-18 19:17:14,54.7682,-101.865,46.24,39,40,10.36
129,Christchurch,NZ,2022-10-18 19:17:14,-43.5333,172.6333,46.9,98,95,1.14
130,Belyy Yar,RU,2022-10-18 19:17:14,53.6039,91.3903,37.29,81,0,8.95
131,Darab,IR,2022-10-18 19:17:15,28.7519,54.5444,73.0,18,100,1.01
132,Yellowknife,CA,2022-10-18 19:15:19,62.456,-114.3525,48.72,66,20,11.99
133,Izhma,RU,2022-10-18 19:17:15,65.0083,53.9113,39.06,96,100,6.98
134,Itaituba,BR,2022-10-18 19:17:16,-4.2761,-55.9836,80.76,83,75,3.44
135,Hithadhoo,MV,2022-10-18 19:17:16,-0.6,73.0833,81.27,70,100,6.29
136,Nedjo,ET,2022-10-18 19:17:16,9.5046,35.5019,58.73,93,100,0.74
137,Suriapet,IN,2022-10-18 19:18:17,17.15,79.6167,75.22,90,100,3.87
138,Rawson,AR,2022-10-18 19:18:17,-43.3002,-65.1023,76.89,22,0,28.68
139,Zhigalovo,RU,2022-10-18 19:18:18,54.8097,105.1578,36.16,90,99,5.53
140,Koslan,RU,2022-10-18 19:18:18,63.4564,48.8989,39.18,92,99,7.65
141,Vitoria,BR,2022-10-18 19:15:09,-20.3194,-40.3378,78.66,79,40,14.97
142,Garoua,CM,2022-10-18 19:18:19,9.3,13.4,79.45,66,100,4.14
143,Tulun,RU,2022-10-18 19:18:19,54.5611,100.5792,34.81,83,96,3.83
144,Ostersund,SE,2022-10-18 19:18:20,63.1792,14.6357,37.85,93,40,13.8
145,Alberdi,AR,2022-10-18 19:18:20,-32.8899,-60.6906,75.34,54,100,11.5
146,Atar,MR,2022-10-18 19:18:21,20.5169,-13.0499,95.54,10,100,9.93
147,Kamenka,RU,2022-10-18 19:18:21,51.3223,42.7678,53.44,60,98,18.39
148,Touros,BR,2022-10-18 19:18:21,-5.1989,-35.4608,81.34,69,31,17.65
149,Broome,US,2022-10-18 19:18:22,42.2506,-75.833,49.19,66,100,10.36
150,Chuy,UY,2022-10-18 19:18:22,-33.6971,-53.4616,62.78,79,100,15.03
151,Itarema,BR,2022-10-18 19:18:22,-2.9248,-39.9167,82.74,66,24,20.74
152,Moose Factory,CA,2022-10-18 19:18:23,51.2585,-80.6094,46.4,76,100,23.02
153,Coahuayana,MX,2022-10-18 19:18:23,18.7333,-103.6833,84.2,70,100,2.8
154,Colquechaca,BO,2022-10-18 19:18:23,-18.6667,-66.0167,47.59,37,74,8.46
155,Betanzos,ES,2022-10-18 19:18:24,43.2804,-8.2147,68.09,80,40,17.27
156,Faya,SA,2022-10-18 19:18:25,18.3851,42.4509,64.92,31,96,7.63
157,Broken Hill,AU,2022-10-18 19:18:26,-31.95,141.4333,55.08,89,100,17.56
158,Ankpa,NG,2022-10-18 19:18:26,7.3706,7.6253,76.3,82,96,0.85
159,Chapais,CA,2022-10-18 19:18:27,49.7834,-74.8492,47.98,90,100,12.41
160,Saskylakh,RU,2022-10-18 19:18:28,71.9167,114.0833,14.29,92,100,10.22
161,Deputatskiy,RU,2022-10-18 19:18:29,69.3,139.9,-2.0,97,99,4.61
162,Teya,RU,2022-10-18 19:18:29,60.3778,92.6267,29.35,98,98,2.46
163,Alvarado,MX,2022-10-18 19:18:29,18.7667,-95.7667,75.88,93,100,9.75
164,La Palma,US,2022-10-18 19:18:30,33.8464,-118.0467,93.11,51,0,5.75
165,Sabang,ID,2022-10-18 19:18:30,5.8933,95.3214,80.55,81,100,22.66
166,Svetlaya,RU,2022-10-18 19:18:31,46.5389,138.3297,37.18,61,100,6.42
167,Gizo,SB,2022-10-18 19:18:31,-8.103,156.8419,81.21,77,87,4.92
168,Longyan,CN,2022-10-18 19:18:32,25.1072,117.0225,57.83,57,57,4.29
169,San Rafael,AR,2022-10-18 19:18:33,-34.6177,-68.3301,52.39,93,100,6.91
170,Turukhansk,RU,2022-10-18 19:18:33,65.8167,87.9833,32.04,99,100,8.25
171,Selma,US,2022-10-18 19:18:34,36.5708,-119.6121,79.02,53,0,0.0
172,Lavrentiya,RU,2022-10-18 19:18:34,65.5833,-171.0,24.4,78,5,1.57
173,Axim,GH,2022-10-18 19:18:34,4.8699,-2.2405,77.97,85,60,5.91
174,Saint-Pierre,RE,2022-10-18 19:18:35,-21.3393,55.4781,67.91,73,20,5.75
175,Mar Del Plata,AR,2022-10-18 19:15:34,-38.0023,-57.5575,62.62,84,20,19.57
176,Arman,RU,2022-10-18 19:18:35,59.7,150.1667,25.02,52,100,10.38
177,Pisco,PE,2022-10-18 19:18:36,-13.7,-76.2167,64.45,72,20,10.36
178,Massaguet,TD,2022-10-18 19:18:36,12.4755,15.4365,90.39,18,6,9.86
179,Bartica,GY,2022-10-18 19:18:37,6.4,-58.6167,80.92,60,99,3.09
180,Itupiranga,BR,2022-10-18 19:15:35,-5.1347,-49.3267,95.32,35,75,3.89
181,Saint George,US,2022-10-18 19:17:29,37.1041,-113.5841,76.78,24,0,4.61
182,Moron,AR,2022-10-18 19:19:37,-34.6534,-58.6198,73.94,66,84,12.01
183,Grand Gaube,MU,2022-10-18 19:19:38,-20.0064,57.6608,70.2,70,22,3.0
184,Norman Wells,CA,2022-10-18 19:19:38,65.282,-126.8329,33.84,100,20,5.75
185,Salinas,US,2022-10-18 19:19:38,36.6777,-121.6555,81.0,46,0,5.75
186,Provideniya,RU,2022-10-18 19:19:39,64.3833,-173.3,25.18,76,10,3.71
187,Jinji,CN,2022-10-18 19:19:39,23.2281,110.8261,69.64,24,100,6.13
188,Eureka,US,2022-10-18 19:16:53,40.8021,-124.1637,65.25,66,18,3.0
189,Vigrestad,NO,2022-10-18 19:19:40,58.5667,5.7,48.58,73,28,26.17
190,Hutang,CN,2022-10-18 19:19:40,31.5333,119.4833,50.97,70,0,5.19
191,Chokurdakh,RU,2022-10-18 19:19:41,70.6333,147.9167,8.28,97,98,6.29
192,Arraial Do Cabo,BR,2022-10-18 19:19:41,-22.9661,-42.0278,78.76,83,40,25.32
193,Hasaki,JP,2022-10-18 19:19:42,35.7333,140.8333,56.21,70,100,21.83
194,Bluff,NZ,2022-10-18 19:19:42,-46.6,168.3333,46.27,76,67,16.55
195,Rosario Do Sul,BR,2022-10-18 19:19:42,-30.2583,-54.9142,71.89,70,100,13.96
196,Lagoa,PT,2022-10-18 19:19:43,39.05,-27.9833,64.17,50,100,31.32
197,Kirakira,SB,2022-10-18 19:19:43,-10.4544,161.9205,79.57,83,50,5.53
198,Lianzhou,CN,2022-10-18 19:19:43,24.7811,112.3825,56.77,32,100,4.97
199,Dingle,PH,2022-10-18 19:19:44,10.9995,122.6711,76.32,92,96,3.24
200,Gat,IL,2022-10-18 19:19:44,31.61,34.7642,74.08,100,3,4.29
201,Flagstaff,US,2022-10-18 19:15:09,35.1981,-111.6513,62.6,54,0,18.41
202,Nizwa,OM,2022-10-18 19:19:45,22.9333,57.5333,77.9,24,92,1.32
203,Gari,RU,2022-10-18 19:19:45,59.4307,62.3497,39.67,90,100,10.22
204,Kaitangata,NZ,2022-10-18 19:19:46,-46.2817,169.8464,41.52,78,71,7.05
205,Porto Novo,BJ,2022-10-18 19:19:46,6.4965,2.6036,80.42,87,77,6.49
206,Westport,US,2022-10-18 19:18:42,41.1415,-73.3579,59.45,46,20,14.97
207,Grebenskaya,RU,2022-10-18 19:19:47,43.5317,46.3733,51.67,87,0,7.2
208,Chumikan,RU,2022-10-18 19:19:47,54.7183,135.315,30.54,72,58,18.14
209,Portland,US,2022-10-18 19:14:53,45.5234,-122.6762,70.95,73,0,1.99
210,Sao Filipe,CV,2022-10-18 19:19:48,14.8961,-24.4956,80.94,79,31,7.25
211,Albanel,CA,2022-10-18 19:19:48,48.8832,-72.4487,51.94,93,100,2.3
212,Fairbanks,US,2022-10-18 19:19:48,64.8378,-147.7164,32.59,93,0,0.0
213,Nizhniy Bestyakh,RU,2022-10-18 19:19:49,61.9594,129.9086,22.48,92,75,4.47
214,Hofn,IS,2022-10-18 19:19:49,64.2539,-15.2082,44.04,59,0,1.3
215,Kavieng,PG,2022-10-18 19:19:49,-2.5744,150.7967,81.81,71,100,16.84
216,Husavik,IS,2022-10-18 19:19:50,66.0449,-17.3389,36.59,78,100,9.84
217,Humaita,BR,2022-10-18 19:19:50,-7.5061,-63.0208,90.23,49,100,2.17
218,Tautira,PF,2022-10-18 19:19:50,-17.7333,-149.15,76.19,80,30,14.74
219,Sibolga,ID,2022-10-18 19:19:51,1.7427,98.7792,76.62,89,98,2.71
220,Ivanovka,KG,2022-10-18 19:19:51,42.8878,75.085,48.42,74,98,3.44
221,Itamaraca,BR,2022-10-18 19:16:38,-7.7478,-34.8256,80.65,72,23,12.24
222,Chumphon,TH,2022-10-18 19:19:52,10.3333,98.8333,69.71,98,100,0.81
223,Souillac,MU,2022-10-18 19:19:52,-20.5167,57.5167,70.18,73,40,9.22
224,Upernavik,GL,2022-10-18 19:20:52,72.7868,-56.1549,29.17,79,100,17.09
225,Hovd,MN,2022-10-18 19:20:53,48.0056,91.6419,42.51,43,100,6.89
226,Ahipara,NZ,2022-10-18 19:20:53,-35.1667,173.1667,56.12,77,52,13.09
227,Nemuro,JP,2022-10-18 19:16:26,43.3236,145.575,43.99,81,10,14.52
228,Ancud,CL,2022-10-18 19:20:54,-41.8697,-73.8203,74.23,71,67,6.96
229,Busayra,JO,2022-10-18 19:20:54,30.7376,35.6078,63.7,60,5,1.83
230,Uthal,PK,2022-10-18 19:20:55,25.8072,66.6219,78.89,72,1,2.8
231,Sawtell,AU,2022-10-18 19:20:55,-30.3833,153.1,64.42,82,100,10.36
232,Tanggul,ID,2022-10-18 19:20:56,-8.1645,113.4525,74.12,96,100,1.54
233,Balsas,BR,2022-10-18 19:18:52,-7.5325,-46.0356,102.18,15,7,9.66
234,Hervey Bay,AU,2022-10-18 19:20:56,-25.2986,152.8535,68.02,85,100,11.01
235,Bethel,US,2022-10-18 19:19:51,41.3712,-73.414,58.19,46,20,6.91
236,Union,US,2022-10-18 19:20:04,40.6334,-74.2663,59.92,47,0,10.36
237,Padang,ID,2022-10-18 19:20:57,-0.9492,100.3543,77.77,84,100,2.55
238,Shamary,RU,2022-10-18 19:20:57,57.3434,58.2199,40.89,89,100,9.13
239,Nelson Bay,AU,2022-10-18 19:20:57,-32.7167,152.15,64.99,97,100,4.0
240,Lesnoye,RU,2022-10-18 19:20:58,58.2841,35.5158,43.02,91,100,8.23
241,Mahebourg,MU,2022-10-18 19:18:57,-20.4081,57.7,70.09,73,40,9.22
242,Asau,RO,2022-10-18 19:20:58,46.4333,26.4,47.32,57,100,6.31
243,Omboue,GA,2022-10-18 19:20:59,-1.5746,9.2618,77.58,88,100,9.55
244,Nampula,MZ,2022-10-18 19:20:59,-15.1165,39.2666,75.15,73,0,10.36
245,Lahaina,US,2022-10-18 19:20:42,20.8783,-156.6825,84.2,75,0,2.82
246,Opuwo,NA,2022-10-18 19:21:00,-18.0607,13.84,73.58,27,0,11.7
247,Adre,TD,2022-10-18 19:21:00,13.4667,22.2,80.47,30,0,0.27
248,Reporoa,NZ,2022-10-18 19:21:00,-38.4333,176.35,54.45,63,62,6.22
249,Bumba,CD,2022-10-18 19:21:01,2.1833,22.4667,76.53,77,83,1.88
250,Borogontsy,RU,2022-10-18 19:21:01,62.6683,131.1683,5.31,100,100,2.93
251,Singapore,SG,2022-10-18 19:21:02,1.2897,103.8501,82.35,85,75,4.61
252,Te Anau,NZ,2022-10-18 19:21:02,-45.4167,167.7167,40.03,89,90,3.78
253,Belaya Gora,RU,2022-10-18 19:21:03,68.5333,146.4167,3.13,100,93,1.16
254,Katobu,ID,2022-10-18 19:21:03,-4.9408,122.5276,75.38,93,88,2.1
255,Shakawe,BW,2022-10-18 19:21:03,-18.3667,21.85,75.25,38,37,6.98
256,Oranjemund,NA,2022-10-18 19:21:04,-28.55,16.4333,59.81,94,11,11.01
257,Miraflores,MX,2022-10-18 19:21:05,19.2167,-98.8083,70.56,68,100,0.94
258,Dehloran,IR,2022-10-18 19:21:05,32.6941,47.2679,82.08,15,80,4.27
259,Camana,PE,2022-10-18 19:21:05,-16.6228,-72.7111,66.06,74,30,8.68
260,Gubskaya,RU,2022-10-18 19:21:06,44.3164,40.6358,50.99,89,0,3.8
261,Kerman,IR,2022-10-18 19:21:06,30.2832,57.0788,58.86,21,0,6.91
262,Zabaykalsk,RU,2022-10-18 19:21:06,49.6333,117.3167,32.49,33,100,5.48
263,Aklavik,CA,2022-10-18 19:21:07,68.2191,-135.0107,26.6,100,100,0.0
264,Constitucion,CL,2022-10-18 19:18:17,-35.3333,-72.4167,59.65,62,84,8.41
265,Mahibadhoo,MV,2022-10-18 19:22:07,3.7833,72.9667,81.34,76,100,15.39
266,Longyearbyen,SJ,2022-10-18 19:21:31,78.2186,15.6401,33.64,75,75,18.41
267,Terrace,CA,2022-10-18 19:22:08,54.5163,-128.6035,57.11,94,100,4.61
268,Leningradskiy,RU,2022-10-18 19:22:08,69.3833,178.4167,4.53,84,8,5.26
269,Ambon,ID,2022-10-18 19:22:09,-3.6954,128.1814,77.14,88,20,3.44
270,Kirensk,RU,2022-10-18 19:22:09,57.7853,108.1119,35.82,97,100,9.91
271,Taylor,US,2022-10-18 19:22:10,32.3001,-99.8337,64.02,33,20,5.01
272,Bengkulu,ID,2022-10-18 19:19:44,-3.8004,102.2655,75.2,90,100,4.45
273,Pacific Grove,US,2022-10-18 19:22:10,36.6177,-121.9166,80.55,62,0,5.75
274,Nicoya,CR,2022-10-18 19:22:11,10.1483,-85.452,83.57,71,100,0.54
275,Katastarion,GR,2022-10-18 19:18:13,37.8333,20.7667,64.35,67,0,4.61
276,Solnechnyy,RU,2022-10-18 19:22:11,50.7214,136.6319,29.75,62,0,4.74
277,Egvekinot,RU,2022-10-18 19:22:11,66.3167,-179.1667,15.8,94,100,6.51
278,Ixtapa,MX,2022-10-18 19:22:12,20.7,-105.2,88.23,70,100,8.05
279,Nioro,GM,2022-10-18 19:18:10,13.35,-15.75,85.69,65,87,3.42
280,Port Lincoln,AU,2022-10-18 19:22:13,-34.7333,135.8667,58.08,91,1,9.84
281,Saldanha,ZA,2022-10-18 19:19:21,-33.0117,17.9442,61.07,92,100,15.97
282,Ambilobe,MG,2022-10-18 19:21:29,-13.2,49.05,71.87,65,17,5.19
283,Araioses,BR,2022-10-18 19:22:13,-2.89,-41.9031,87.78,66,20,20.71
284,Talnakh,RU,2022-10-18 19:22:13,69.4865,88.3972,33.21,99,100,11.23
285,Saint-Augustin,CA,2022-10-18 19:22:14,51.226,-58.6502,55.72,69,100,4.34
286,Oppdal,NO,2022-10-18 19:22:14,62.5943,9.6912,34.72,94,99,5.79
287,Fortuna,US,2022-10-18 19:19:10,40.5982,-124.1573,64.98,66,54,4.99
288,Samarai,PG,2022-10-18 19:22:15,-10.6167,150.6667,81.61,80,28,14.54
289,Yulara,AU,2022-10-18 19:22:15,-25.2406,130.9889,58.71,70,0,8.43
290,Burnie,AU,2022-10-18 19:22:16,-41.0667,145.9167,46.94,79,7,5.77
291,Isla Aguada,MX,2022-10-18 19:22:16,18.7833,-91.4667,84.24,77,100,3.36
292,Viransehir,TR,2022-10-18 19:22:17,37.2353,39.7631,75.11,24,66,4.92
293,Carlyle,US,2022-10-18 19:22:17,38.6103,-89.3726,50.22,46,2,5.01
294,Bayburt,TR,2022-10-18 19:22:18,40.2589,40.2278,53.58,66,13,5.41
295,Sangar,RU,2022-10-18 19:22:18,63.9242,127.4739,13.93,87,100,5.82
296,Vuktyl,RU,2022-10-18 19:22:19,63.8567,57.3094,38.98,88,97,5.93
297,Maksatikha,RU,2022-10-18 19:22:19,57.797,35.8825,42.89,90,100,7.29
298,Makat,KZ,2022-10-18 19:22:20,47.6469,53.3463,50.05,42,100,10.18
299,Quatre Cocos,MU,2022-10-18 19:22:20,-20.2078,57.7625,69.91,77,19,12.08
300,Noumea,NC,2022-10-18 19:21:39,-22.2763,166.4572,75.99,99,38,9.84
301,Wanaka,NZ,2022-10-18 19:22:21,-44.7,169.15,39.9,73,74,4.07
302,Magadan,RU,2022-10-18 19:22:21,59.5667,150.8,24.53,49,100,16.98
303,Iqaluit,CA,2022-10-18 19:20:18,63.7506,-68.5145,26.33,73,75,17.27
304,Mackay,AU,2022-10-18 19:18:16,-21.15,149.2,73.69,75,100,9.82
305,Rio Grande,BR,2022-10-18 19:22:22,-32.035,-52.0986,66.31,88,100,20.83
306,Las Vegas,US,2022-10-18 19:18:02,36.175,-115.1372,83.64,18,0,11.5
307,Tual,ID,2022-10-18 19:22:22,-5.6667,132.75,83.84,72,99,6.38
308,Mariel,CU,2022-10-18 19:22:23,22.9875,-82.7536,87.94,73,78,11.63
309,North Bend,US,2022-10-18 19:22:23,43.4065,-124.2243,62.51,85,0,3.44
310,Tagusao,PH,2022-10-18 19:22:24,9.1924,117.8141,79.05,87,96,6.13
311,Kupang,ID,2022-10-18 19:22:24,-10.1667,123.5833,79.18,79,100,4.18
312,Krasnoselkup,RU,2022-10-18 19:23:24,65.7,82.4667,34.84,90,100,12.44
313,Rumphi,MW,2022-10-18 19:23:25,-11.0186,33.8575,68.88,49,4,3.98
314,Palora,EC,2022-10-18 19:23:25,-1.7,-77.9333,82.51,89,99,2.53
315,Cap Malheureux,MU,2022-10-18 19:23:26,-19.9842,57.6142,68.47,70,29,3.0
316,Oktyabrskoye,RU,2022-10-18 19:23:26,43.0645,44.7417,46.54,100,0,6.71
317,Obertyn,UA,2022-10-18 19:23:27,48.7003,25.1701,55.71,74,12,2.93
318,Nikolskoye,RU,2022-10-18 19:19:55,59.7035,30.7861,46.29,87,100,7.9
319,Vila Franca Do Campo,PT,2022-10-18 19:19:16,37.7167,-25.4333,63.01,71,100,17.29
320,Svobodnyy,RU,2022-10-18 19:23:25,51.4,128.1333,31.14,64,0,5.46
321,Tacna,PE,2022-10-18 19:20:00,-18.0056,-70.2483,68.2,52,0,13.8
322,Rajauri,IN,2022-10-18 19:23:27,33.3833,74.3,61.27,54,0,5.86
323,Victoria,HK,2022-10-18 19:20:01,22.2855,114.1577,72.32,57,100,15.01
324,Lichinga,MZ,2022-10-18 19:23:28,-13.3128,35.2406,68.09,56,99,9.22
325,Nizhniy Lomov,RU,2022-10-18 19:23:29,53.5304,43.6766,51.12,84,100,18.05
326,Buchanan,LR,2022-10-18 19:23:29,5.8808,-10.0467,77.45,87,99,5.88
327,Anadyr,RU,2022-10-18 19:23:29,64.75,177.4833,37.9,93,100,33.55
328,Matara,LK,2022-10-18 19:23:30,5.9485,80.5353,75.99,91,100,10.83
329,Raga,SS,2022-10-18 19:23:30,8.4596,25.678,73.24,74,34,3.09
330,Guerrero Negro,MX,2022-10-18 19:19:33,27.9769,-114.0611,80.71,47,0,2.98
331,Bathsheba,BB,2022-10-18 19:19:19,13.2167,-59.5167,88.41,66,20,11.5
332,Port Hedland,AU,2022-10-18 19:23:31,-20.3167,118.5667,66.25,77,0,9.22
333,Berlevag,NO,2022-10-18 19:23:31,70.8578,29.0864,39.15,87,75,26.46
334,Cabra,ES,2022-10-18 19:23:31,37.4725,-4.4421,76.77,39,100,4.27
335,Port Blair,IN,2022-10-18 19:23:32,11.6667,92.75,79.48,84,100,1.86
336,Sfantu Gheorghe,RO,2022-10-18 19:23:32,45.8667,25.7833,48.92,59,70,1.45
337,Rawah,IQ,2022-10-18 19:23:32,34.4816,41.9093,80.29,23,4,8.5
338,San Quintin,MX,2022-10-18 19:23:33,30.4833,-115.95,74.7,63,1,8.32
339,Maniitsoq,GL,2022-10-18 19:23:33,65.4167,-52.9,37.18,96,100,19.6
340,Thinadhoo,MV,2022-10-18 19:23:34,0.5333,72.9333,80.64,75,100,9.15
341,Churapcha,RU,2022-10-18 19:23:34,62.0025,132.4325,6.69,100,95,3.44
342,Saint Anthony,US,2022-10-18 19:23:35,45.0205,-93.218,42.35,46,0,17.27
343,Hitoyoshi,JP,2022-10-18 19:23:35,32.2167,130.75,48.88,87,0,3.51
344,Roald,NO,2022-10-18 19:23:35,62.5833,6.1333,45.75,75,75,3.44
345,Paamiut,GL,2022-10-18 19:23:36,61.994,-49.6678,37.63,92,100,13.04
346,Camacha,PT,2022-10-18 19:23:36,33.0833,-16.3333,69.22,78,20,6.91
347,Kysyl-Syr,RU,2022-10-18 19:23:37,63.8986,122.7617,21.99,98,100,4.18
348,Putina,PE,2022-10-18 19:23:37,-15.4667,-69.4333,52.81,57,29,13.8
349,Bintulu,MY,2022-10-18 19:21:38,3.1667,113.0333,77.41,94,40,2.3
350,Hinton,CA,2022-10-18 19:23:38,53.4001,-117.5857,65.95,27,74,4.76
351,Newcastle,AU,2022-10-18 19:23:38,-32.9272,151.7765,63.64,97,100,0.0
352,Karratha,AU,2022-10-18 19:23:39,-20.7377,116.8463,73.13,72,0,6.73
353,Loveland,US,2022-10-18 19:22:48,40.3978,-105.075,70.93,29,0,3.44
354,Kahului,US,2022-10-18 19:23:39,20.8947,-156.47,84.22,64,20,5.75
355,Morondava,MG,2022-10-18 19:23:40,-20.2833,44.2833,77.56,81,12,12.41
356,Vaitape,PF,2022-10-18 19:24:40,-16.5167,-151.75,77.4,79,33,17.2
357,Lobito,AO,2022-10-18 19:24:41,-12.3481,13.5456,74.23,82,83,7.81
358,Rio Cuarto,AR,2022-10-18 19:24:42,-33.1307,-64.3499,72.48,46,75,18.41
359,Lima,PE,2022-10-18 19:24:42,-12.0432,-77.0282,69.91,67,100,8.05
360,Uruzgan,AF,2022-10-18 19:24:42,32.8333,66.0,60.33,23,0,5.53
361,Beringovskiy,RU,2022-10-18 19:24:43,63.05,179.3167,39.27,90,100,28.25
362,Tabuk,PH,2022-10-18 19:24:43,17.4189,121.4443,73.89,98,100,1.72
363,Namibe,AO,2022-10-18 19:24:43,-15.1961,12.1522,67.41,77,3,7.9
364,Byron Bay,AU,2022-10-18 19:24:44,-28.65,153.6167,64.94,83,100,8.97
365,Tubmanburg,LR,2022-10-18 19:24:44,6.8708,-10.8172,75.13,95,50,4.47
366,Nabire,ID,2022-10-18 19:24:44,-3.3667,135.4833,74.71,93,100,2.57
367,Daud Khel,PK,2022-10-18 19:24:45,32.875,71.5701,77.32,25,0,2.55
368,Alice Springs,AU,2022-10-18 19:23:08,-23.7,133.8833,58.55,72,0,11.5
369,Dwarka,IN,2022-10-18 19:22:55,22.2394,68.9678,81.55,65,9,10.87
370,Abha,SA,2022-10-18 19:24:33,18.2164,42.5053,64.65,15,0,9.22
371,San Martin,AR,2022-10-18 19:24:45,-33.081,-68.4681,55.94,68,100,15.23
372,Santa Maria,BR,2022-10-18 19:20:08,-29.6842,-53.8069,73.33,66,39,10.42
373,Santa Maria Da Boa Vista,BR,2022-10-18 19:24:46,-8.8078,-39.8256,93.81,23,2,8.81
374,Duldurga,RU,2022-10-18 19:24:46,50.6761,113.5931,31.71,47,93,4.38
375,Udachnyy,RU,2022-10-18 19:23:03,66.4167,112.4,16.45,92,95,5.06
376,La Ronge,CA,2022-10-18 19:24:47,55.1001,-105.2842,61.05,31,75,4.61
377,Akcaabat,TR,2022-10-18 19:24:47,41.0212,39.5715,64.27,88,75,6.91
378,Kangaatsiaq,GL,2022-10-18 19:24:47,68.3065,-53.4641,35.19,100,100,14.65
379,Ikongo,MG,2022-10-18 19:24:48,-21.8833,47.4333,62.31,95,32,1.81
380,Valdivia,CL,2022-10-18 19:24:48,-39.8142,-73.2459,64.49,69,27,7.09
381,Shingu,JP,2022-10-18 19:24:49,33.7333,135.9833,57.15,74,80,5.66
382,Yangambi,CD,2022-10-18 19:24:49,0.8102,24.4336,77.05,71,100,1.03
383,Havoysund,NO,2022-10-18 19:24:49,70.9963,24.6622,41.23,68,100,19.53
384,Nanortalik,GL,2022-10-18 19:24:50,60.1432,-45.2371,40.1,82,100,10.76
385,Tianmen,CN,2022-10-18 19:24:50,30.6516,113.1603,53.33,32,0,7.14
386,Mtwara,TZ,2022-10-18 19:24:51,-10.2667,40.1833,74.07,82,0,9.28
387,Calvia,ES,2022-10-18 19:22:14,39.5657,2.5062,72.95,84,0,4.18
388,Half Moon Bay,US,2022-10-18 19:24:24,37.4636,-122.4286,79.45,62,0,0.0
389,Brae,GB,2022-10-18 19:24:51,60.3964,-1.353,44.38,68,8,9.82
390,Requena,ES,2022-10-18 19:24:52,39.4883,-1.1004,64.53,83,100,5.23
391,Kemijarvi,FI,2022-10-18 19:24:52,66.7131,27.4306,35.08,85,100,10.76
392,Muzaffarabad,PK,2022-10-18 19:24:52,34.37,73.4711,61.2,67,45,5.48
393,Clarence Town,AU,2022-10-18 19:24:53,-32.5833,151.7833,64.85,97,100,2.26
394,Gigmoto,PH,2022-10-18 19:24:53,13.7796,124.39,79.86,85,100,5.26
395,Tando Adam,PK,2022-10-18 19:24:53,25.7637,68.661,80.04,41,4,8.14
396,Kjopsvik,NO,2022-10-18 19:24:54,68.097,16.3742,39.07,95,100,2.82
397,Arona,ES,2022-10-18 19:24:54,28.0996,-16.681,70.92,85,20,11.5
398,Dudinka,RU,2022-10-18 19:24:54,69.4058,86.1778,33.62,97,100,15.79
399,Ibra,OM,2022-10-18 19:24:55,22.6906,58.5334,76.89,21,100,5.3
400,Nyakabindi,TZ,2022-10-18 19:24:55,-2.6333,33.9833,73.22,59,94,6.58
401,Trujillo,PE,2022-10-18 19:24:55,-8.116,-79.03,64.36,77,77,13.8
402,Los Andes,CL,2022-10-18 19:25:56,-32.8337,-70.5983,72.01,29,0,10.58
403,Salinopolis,BR,2022-10-18 19:25:56,-0.6136,-47.3561,84.07,70,90,16.8
404,Kirovsk,UA,2022-10-18 19:25:57,48.6375,38.6428,50.95,46,50,8.32
405,Mantua,IT,2022-10-18 19:22:06,45.1667,10.7833,65.44,84,0,3.06
406,Yeppoon,AU,2022-10-18 19:25:57,-23.1333,150.7333,69.58,86,94,5.1
407,Marsa Matruh,EG,2022-10-18 19:24:47,31.3525,27.2453,73.6,68,40,11.5
408,Aswan,EG,2022-10-18 19:25:57,24.0934,32.907,83.5,24,0,11.5
409,Takoradi,GH,2022-10-18 19:25:58,4.8845,-1.7554,78.26,84,99,6.78
410,Ribas Do Rio Pardo,BR,2022-10-18 19:25:58,-20.4431,-53.7592,72.34,80,100,7.74
411,Johi,PK,2022-10-18 19:25:59,26.6921,67.6133,85.44,18,0,5.57
412,Mastung,PK,2022-10-18 19:25:59,29.7994,66.845,61.95,21,0,4.09
413,Kindu,CD,2022-10-18 19:25:59,-2.95,25.95,71.44,91,28,2.39
414,Vestmannaeyjar,IS,2022-10-18 19:26:00,63.4427,-20.2734,44.92,73,98,16.13
415,Viedma,AR,2022-10-18 19:26:00,-40.8135,-62.9967,75.96,21,5,15.32
416,Makakilo City,US,2022-10-18 19:26:00,21.3469,-158.0858,82.44,54,0,3.44
417,Zomba,MW,2022-10-18 19:26:01,-15.386,35.3188,75.4,44,99,5.1
418,Geraldton,AU,2022-10-18 19:26:01,-28.7667,114.6,48.61,93,0,6.91
419,Valparaiso,CL,2022-10-18 19:26:02,-33.0393,-71.6273,64.63,83,0,11.5
420,San Cristobal,VE,2022-10-18 19:26:02,7.7669,-72.225,80.78,62,85,1.03
421,Olafsvik,IS,2022-10-18 19:26:03,64.8945,-23.7142,44.62,80,98,16.35
422,Pak Phanang,TH,2022-10-18 19:26:03,8.3511,100.202,76.8,87,100,4.54
423,Zabid,YE,2022-10-18 19:26:03,14.1951,43.3152,86.61,48,5,9.24
424,Umm Kaddadah,SD,2022-10-18 19:23:57,13.6017,26.6876,88.14,19,12,9.22
425,Progreso,MX,2022-10-18 19:26:04,21.2833,-89.6667,86.11,69,100,7.38
426,Masterton,NZ,2022-10-18 19:26:04,-40.9597,175.6575,50.88,92,56,0.54
427,Methoni,GR,2022-10-18 19:26:04,36.8197,21.7049,66.22,55,0,4.68
428,Katsuura,JP,2022-10-18 19:21:55,35.1333,140.3,57.83,83,100,19.64
429,Varnavino,RU,2022-10-18 19:26:05,57.4035,45.0916,42.67,92,100,6.67
430,Najran,SA,2022-10-18 19:26:08,17.4924,44.1277,72.25,24,27,3.85
431,Maceio,BR,2022-10-18 19:22:08,-9.6658,-35.7353,80.04,73,40,16.11
432,Port Moresby,PG,2022-10-18 19:26:09,-9.4431,147.1797,76.28,89,100,3.53
433,Ustrzyki Dolne,PL,2022-10-18 19:26:09,49.4304,22.5938,54.99,100,87,7.83
434,Burgos,ES,2022-10-18 19:26:10,42.3394,-3.7079,63.01,55,0,3.44
435,Kulhudhuffushi,MV,2022-10-18 19:21:23,6.6221,73.07,77.83,89,100,19.15
436,Acapulco,MX,2022-10-18 19:25:58,16.8634,-99.8901,85.82,70,100,4.61
437,Pimentel,PE,2022-10-18 19:26:11,-6.8367,-79.9342,70.09,60,20,19.57
438,Ketchikan,US,2022-10-18 19:26:11,55.3422,-131.6461,58.98,94,100,12.66
439,Labuan,MY,2022-10-18 19:26:11,5.2767,115.2417,77.36,94,40,1.14
440,Mayo,US,2022-10-18 19:21:24,38.8876,-76.5119,56.93,50,75,6.91
441,Juneau,US,2022-10-18 19:26:12,58.3019,-134.4197,52.11,100,100,10.36
442,Hualmay,PE,2022-10-18 19:26:12,-11.0964,-77.6139,67.3,70,15,12.01
443,Kyabe,TD,2022-10-18 19:26:13,9.4515,18.9449,78.06,72,0,3.18
444,Marsh Harbour,BS,2022-10-18 19:23:01,26.5412,-77.0636,82.35,71,21,15.41
445,Lata,PT,2022-10-18 19:26:13,40.1629,-8.3327,71.92,84,100,5.93
446,Manaure,CO,2022-10-18 19:26:13,11.7751,-72.4445,85.17,70,54,10.38
447,Setermoen,NO,2022-10-18 19:26:14,68.861,18.3486,40.44,94,99,3.38
448,Elizabeth City,US,2022-10-18 19:26:14,36.2946,-76.2511,60.03,48,75,6.91
449,Kisanga,TZ,2022-10-18 19:39:56,-7.4362,37.7034,74.01,70,0,7.02
450,Rozvadiv,UA,2022-10-18 19:39:56,49.5,23.6167,57.36,66,100,7.67
451,Aljezur,PT,2022-10-18 19:39:57,37.3191,-8.8033,66.9,91,100,7.78
452,East London,ZA,2022-10-18 19:35:43,-33.0153,27.9116,70.12,91,99,5.86
453,Sao Sebastiao,BR,2022-10-18 19:36:09,-23.76,-45.4097,70.21,95,100,6.2
454,Pangnirtung,CA,2022-10-18 19:36:13,66.1451,-65.7125,24.8,68,75,8.05
455,Bilma,NE,2022-10-18 19:39:57,18.6853,12.9164,81.12,25,0,9.28
456,Temir,KZ,2022-10-18 19:39:58,49.1414,57.13,41.27,62,100,9.06
457,Vohibinany,MG,2022-10-18 19:39:58,-17.35,49.0333,63.75,94,41,2.08
458,Port-Cartier,CA,2022-10-18 19:39:58,50.0334,-66.8654,46.74,97,100,21.25
459,Fremont,US,2022-10-18 19:37:59,37.5483,-121.9886,83.61,53,0,3.44
460,Port Augusta,AU,2022-10-18 19:39:59,-32.5,137.7667,58.01,78,100,14.16
461,Labytnangi,RU,2022-10-18 19:39:59,66.6572,66.4183,37.18,97,100,6.85
462,Faanui,PF,2022-10-18 19:40:00,-16.4833,-151.75,77.34,79,30,16.98
463,Soyo,AO,2022-10-18 19:40:00,-6.1349,12.3689,77.16,84,14,9.84
464,Novaya Zaimka,RU,2022-10-18 19:40:01,56.4857,66.9241,42.3,72,100,10.27
465,Pontes E Lacerda,BR,2022-10-18 19:40:01,-15.2261,-59.3353,80.92,70,66,3.36
466,Bukoba,TZ,2022-10-18 19:40:01,-1.3317,31.8122,69.78,88,75,0.0
467,Shimoda,JP,2022-10-18 19:38:29,34.6667,138.95,56.1,85,100,16.46
468,Conceicao Do Araguaia,BR,2022-10-18 19:40:02,-8.2578,-49.2647,98.26,19,98,6.8
469,Mnogovershinnyy,RU,2022-10-18 19:40:03,53.9353,139.9242,26.42,71,82,16.02
470,Hami,CN,2022-10-18 19:40:03,42.8,93.45,55.94,22,100,4.05
471,Oriximina,BR,2022-10-18 19:39:01,-1.7656,-55.8661,86.56,58,87,3.83
472,Ouegoa,NC,2022-10-18 19:40:05,-20.35,164.4333,76.62,76,21,10.94
473,Gornyy,RU,2022-10-18 19:40:06,55.1153,83.9059,35.91,97,100,11.86
474,Temax,MX,2022-10-18 19:40:06,21.15,-88.9333,87.03,60,100,5.53
475,Adrar,MR,2022-10-18 19:40:06,20.5022,-10.0711,90.99,11,100,10.31
476,Mbini,GQ,2022-10-18 19:40:07,1.574,9.6134,78.08,86,100,4.81
477,Kato Milea,GR,2022-10-18 19:40:07,40.2483,22.3378,58.32,41,0,3.53
478,Bydgoszcz,PL,2022-10-18 19:39:37,53.1235,18.0076,55.81,97,20,10.36
479,Seoul,KR,2022-10-18 19:38:08,37.5683,126.9778,42.24,90,0,1.14
480,Alexandria,EG,2022-10-18 19:39:16,31.2156,29.9553,72.14,73,5,10.38
481,Mizan Teferi,ET,2022-10-18 19:40:08,6.9833,35.5833,61.43,98,100,2.91
482,Kayerkan,RU,2022-10-18 19:40:09,69.3497,87.7602,32.52,100,100,18.99
483,Atbasar,KZ,2022-10-18 19:40:09,51.8,68.3333,38.08,66,87,8.34
484,Ugoofaaru,MV,2022-10-18 19:40:09,5.6667,73.0,80.17,80,100,19.55
485,Petropavlovsk-Kamchatskiy,RU,2022-10-18 19:40:10,53.0452,158.6483,37.99,48,20,15.66
486,Barabinsk,RU,2022-10-18 19:40:10,55.3571,78.357,38.8,90,95,5.97
487,Tiznit,MA,2022-10-18 19:40:11,29.5833,-9.5,81.18,25,1,6.82
488,La Joya,MX,2022-10-18 19:40:11,18.6667,-99.4667,81.16,68,100,3.02
489,Lefka,CY,2022-10-18 19:38:41,35.1106,32.8506,70.63,78,10,3.89
490,Sakakah,SA,2022-10-18 19:40:12,29.9697,40.2064,81.97,21,82,5.91
491,Chulym,RU,2022-10-18 19:40:12,55.0997,80.9572,36.84,91,100,6.78
492,Winton,US,2022-10-18 19:40:13,37.3894,-120.6133,78.82,41,0,6.91
493,Vila,PT,2022-10-18 19:40:13,42.0304,-8.1588,54.48,93,100,6.96
494,Igarka,RU,2022-10-18 19:40:14,67.4667,86.5833,34.07,92,100,12.64
495,Villarrica,PY,2022-10-18 19:41:14,-25.75,-56.4333,76.21,83,73,3.36
496,Port Shepstone,ZA,2022-10-18 19:41:15,-30.7414,30.455,72.45,92,100,14.94
497,Kailua,US,2022-10-18 19:41:15,21.4022,-157.7394,82.9,71,0,0.0
498,Manjeshwar,IN,2022-10-18 19:41:16,12.7194,74.8861,77.95,91,100,7.23
499,Gawler,AU,2022-10-18 19:41:16,-34.6,138.7333,60.48,68,67,10.33
500,Kinablangan,PH,2022-10-18 19:41:17,7.6947,126.5503,78.75,85,100,1.48
501,Usinsk,RU,2022-10-18 19:41:17,65.9939,57.5281,38.61,98,100,13.82
502,Bhinga,IN,2022-10-18 19:41:18,27.7167,81.9333,69.37,78,0,3.11
503,Washougal,US,2022-10-18 19:41:18,45.5826,-122.3534,68.85,69,75,5.75
504,Tura,IN,2022-10-18 19:41:18,25.5198,90.2201,68.0,88,0,3.98
505,Berdigestyakh,RU,2022-10-18 19:41:19,62.0989,126.6992,21.6,98,100,3.27
506,Taoudenni,ML,2022-10-18 19:41:19,22.6783,-3.9836,92.77,13,95,6.33
507,Dohrighat,IN,2022-10-18 19:41:20,26.2644,83.5164,72.97,65,37,4.43
508,Bealanana,MG,2022-10-18 19:41:21,-14.55,48.7333,56.77,95,45,3.18
509,Arcata,US,2022-10-18 19:41:21,40.8665,-124.0828,71.19,76,0,8.01
510,Chuncheng,CN,2022-10-18 19:41:22,22.1731,111.7886,65.62,44,100,9.78
511,Cidreira,BR,2022-10-18 19:41:22,-30.1811,-50.2056,64.99,94,100,15.7
512,Emerald,AU,2022-10-18 19:41:23,-23.5333,148.1667,67.33,99,100,13.67
513,Cavalcante,BR,2022-10-18 19:41:23,-13.7975,-47.4583,91.81,19,14,6.71
514,Itoman,JP,2022-10-18 19:41:24,26.1247,127.6694,73.42,70,100,25.32
515,Sitka,US,2022-10-18 19:39:54,57.0531,-135.33,58.89,77,100,13.8
516,Taltal,CL,2022-10-18 19:40:21,-25.4,-70.4833,62.64,66,22,7.27
517,Batemans Bay,AU,2022-10-18 19:41:25,-35.7167,150.1833,58.1,86,48,2.44
518,Brewster,US,2022-10-18 19:41:25,41.3973,-73.6171,59.14,51,20,6.91
519,Taveta,KE,2022-10-18 19:41:25,-3.3963,37.6736,70.59,71,95,8.93
520,Kavaratti,IN,2022-10-18 19:41:26,10.5669,72.642,79.45,79,100,19.95
521,Srednekolymsk,RU,2022-10-18 19:41:26,67.45,153.6833,0.86,97,100,9.82
522,Abu Dhabi,AE,2022-10-18 19:40:16,24.4667,54.3667,87.82,76,0,4.61
523,Bregenz,AT,2022-10-18 19:41:27,47.5031,9.7471,63.68,59,6,1.14
524,San Vicente,AR,2022-10-18 19:41:27,-26.6167,-54.1333,68.09,97,72,1.63
525,Bridlington,GB,2022-10-18 19:41:28,54.0831,-0.1919,52.9,83,12,8.01
526,Nikolayevsk-Na-Amure,RU,2022-10-18 19:41:28,53.1406,140.73,29.19,78,44,12.19
527,Haines Junction,CA,2022-10-18 19:39:53,60.7522,-137.5108,37.35,87,100,1.14
528,Camara De Lobos,PT,2022-10-18 19:41:29,32.6333,-16.9667,74.03,80,20,13.8
529,La Celia,CO,2022-10-18 19:41:30,5.0433,-76.0167,69.39,93,100,3.94
530,Karakol,KG,2022-10-18 19:41:31,42.4907,78.3936,36.41,93,100,3.89
531,Rassvet,RU,2022-10-18 19:41:32,46.8333,40.75,51.6,44,33,4.85
532,Ternate,ID,2022-10-18 19:41:32,0.8,127.4,80.87,80,100,5.14
533,Phek,IN,2022-10-18 19:41:32,25.6667,94.5,51.01,99,57,1.25
534,Hambantota,LK,2022-10-18 19:38:37,6.1241,81.1185,77.92,84,99,17.22
535,Perth,AU,2022-10-18 19:41:17,-31.9333,115.8333,56.66,92,3,3.44
536,Nouadhibou,MR,2022-10-18 19:41:33,20.931,-17.0347,89.58,31,42,20.71
537,Zhangjiakou,CN,2022-10-18 19:41:33,40.81,114.8794,40.86,25,1,2.01
538,Shelburne,CA,2022-10-18 19:41:34,44.0787,-80.2041,45.05,86,100,11.97
539,Bonavista,CA,2022-10-18 19:42:34,48.6499,-53.1147,51.94,91,71,8.84
540,Kidal,ML,2022-10-18 19:42:34,18.4411,1.4078,84.83,18,44,11.14
541,Tahara,JP,2022-10-18 19:42:35,34.6667,137.2667,57.15,2,37,10.07
